Sales Person,Country,Product,Date,Amount,Boxes Shipped
Jehu Rudeforth,UK,Mint Chip Choco,4-Jan-22,"$5,320 ",180
Van Tuxwell,India,85% Dark Bars,1-Aug-22,"$7,896 ",94
Gigi Bohling,India,Peanut Butter Cubes,7-Jul-22,"$4,501 ",91
Jan Morforth,Australia,Peanut Butter Cubes,27-Apr-22,"$12,726 ",342
Jehu Rudeforth,UK,Peanut Butter Cubes,24-Feb-22,"$13,685 ",184
Van Tuxwell,India,Smooth Sliky Salty,6-Jun-22,"$5,376 ",38
Oby Sorrel,UK,99% Dark & Pure,25-Jan-22,"$13,685 ",176
Gunar Cockshoot,Australia,After Nines,24-Mar-22,"$3,080 ",73
Jehu Rudeforth,New Zealand,50% Dark Bites,20-Apr-22,"$3,990 ",59
Brien Boise,Australia,99% Dark & Pure,4-Jul-22,"$2,835 ",102
Rafaelita Blaksland,UK,Smooth Sliky Salty,13-Jan-22,"$4,704 ",62
Barr Faughny,USA,Orange Choco,10-Mar-22,"$3,703 ",11
Mallorie Waber,Canada,Eclairs,13-Jan-22,"$1,442 ",286
Karlen McCaffrey,New Zealand,Drinking Coco,28-Jul-22,$168 ,156
Marney O'Breen,New Zealand,Peanut Butter Cubes,3-Aug-22,"$8,379 ",173
Beverie Moffet,Australia,Organic Choco Syrup,26-Jan-22,"$6,790 ",356
Van Tuxwell,Canada,Organic Choco Syrup,14-Feb-22,"$4,067 ",42
Roddy Speechley,USA,Smooth Sliky Salty,5-Apr-22,"$3,017 ",140
Beverie Moffet,Canada,Milk Bars,16-Feb-22,"$8,799 ",250
Curtice Advani,UK,85% Dark Bars,8-Jun-22,"$1,085 ",172
Brien Boise,Australia,Eclairs,27-Jun-22,"$6,888 ",88
Gunar Cockshoot,USA,Spicy Special Slims,17-Feb-22,"$1,267 ",157
Marney O'Breen,USA,After Nines,30-May-22,"$4,753 ",163
Husein Augar,UK,Drinking Coco,14-Mar-22,"$3,003 ",113
Kaine Padly,Australia,Eclairs,28-Feb-22,"$7,672 ",115
Karlen McCaffrey,India,Fruit & Nut Bars,26-Jan-22,$168 ,321
Roddy Speechley,Canada,Spicy Special Slims,9-Feb-22,"$1,652 ",186
Husein Augar,USA,Eclairs,7-Jul-22,"$4,025 ",112
Dennison Crosswaite,New Zealand,White Choc,5-Jul-22,"$9,492 ",151
Dennison Crosswaite,New Zealand,Manuka Honey Choco,15-Jun-22,"$5,061 ",301
Van Tuxwell,New Zealand,85% Dark Bars,24-May-22,"$1,722 ",121
Rafaelita Blaksland,UK,99% Dark & Pure,29-Jun-22,"$12,446 ",150
Wilone O'Kielt,Australia,Manuka Honey Choco,11-May-22,"$4,284 ",94
Karlen McCaffrey,UK,Almond Choco,30-Jun-22,"$6,839 ",133
Andria Kimpton,Canada,After Nines,11-May-22,"$2,163 ",70
Roddy Speechley,USA,Manuka Honey Choco,22-Jul-22,"$9,583 ",315
Andria Kimpton,UK,50% Dark Bites,24-Aug-22,"$2,653 ",314
Kelci Walkden,New Zealand,After Nines,7-Jul-22,$147 ,72
Camilla Castle,Australia,85% Dark Bars,19-May-22,"$3,654 ",14
Karlen McCaffrey,India,Manuka Honey Choco,4-Jul-22,"$2,443 ",581
Kelci Walkden,USA,After Nines,2-Jun-22,$938 ,16
Karlen McCaffrey,USA,Raspberry Choco,15-Apr-22,"$14,749 ",354
Mallorie Waber,Canada,Choco Coated Almonds,11-Jul-22,"$4,781 ",241
Andria Kimpton,India,Spicy Special Slims,23-Feb-22,"$6,307 ",142
Madelene Upcott,Canada,Almond Choco,22-Aug-22,"$7,602 ",102
Kaine Padly,USA,Peanut Butter Cubes,16-Feb-22,"$6,790 ",188
Van Tuxwell,USA,50% Dark Bites,13-Jan-22,"$9,737 ",160
Curtice Advani,Australia,Milk Bars,14-Feb-22,"$6,979 ",18
Roddy Speechley,India,Eclairs,10-Jun-22,"$4,382 ",303
Curtice Advani,India,Fruit & Nut Bars,7-Jul-22,"$5,243 ",176
Curtice Advani,Canada,Almond Choco,24-Mar-22,"$4,865 ",70
Brien Boise,Australia,Fruit & Nut Bars,6-Jun-22,"$8,575 ",23
Dotty Strutley,Australia,Drinking Coco,19-Jul-22,$91 ,135
Beverie Moffet,USA,Raspberry Choco,19-Apr-22,"$14,798 ",83
Marney O'Breen,India,85% Dark Bars,19-Jul-22,"$2,205 ",179
Jehu Rudeforth,Canada,Drinking Coco,15-Jul-22,$441 ,24
Ches Bonnell,New Zealand,Spicy Special Slims,14-Feb-22,"$3,556 ",18
Brien Boise,Canada,99% Dark & Pure,18-May-22,"$16,793 ",416
Barr Faughny,Australia,Fruit & Nut Bars,30-Jun-22,"$15,421 ",55
Andria Kimpton,Australia,50% Dark Bites,2-Jun-22,"$4,438 ",227
Andria Kimpton,Australia,Drinking Coco,28-Jun-22,"$1,603 ",48
Marney O'Breen,Australia,Organic Choco Syrup,16-May-22,$273 ,174
Kelci Walkden,Canada,Baker's Choco Chips,26-May-22,"$3,073 ",302
Karlen McCaffrey,India,Almond Choco,6-Jul-22,"$6,090 ",149
Oby Sorrel,India,99% Dark & Pure,27-May-22,"$10,255 ",11
Wilone O'Kielt,Australia,Caramel Stuffed Bars,14-Apr-22,"$2,030 ",11
Van Tuxwell,Australia,Organic Choco Syrup,10-Aug-22,"$19,453 ",14
Camilla Castle,India,50% Dark Bites,4-Jul-22,"$9,275 ",411
Oby Sorrel,India,Organic Choco Syrup,8-Jul-22,"$6,181 ",56
Jan Morforth,USA,Peanut Butter Cubes,22-Jul-22,"$9,037 ",102
Gigi Bohling,USA,Choco Coated Almonds,2-Mar-22,"$12,313 ",103
Gigi Bohling,UK,Almond Choco,10-Jan-22,"$5,642 ",9
Jehu Rudeforth,New Zealand,White Choc,11-Mar-22,"$2,800 ",241
Andria Kimpton,New Zealand,Peanut Butter Cubes,20-Jun-22,$959 ,265
Van Tuxwell,UK,Organic Choco Syrup,26-Aug-22,"$2,002 ",214
Roddy Speechley,Canada,Milk Bars,13-Jul-22,$609 ,32
Camilla Castle,USA,Spicy Special Slims,11-Feb-22,"$1,274 ",244
Marney O'Breen,USA,Orange Choco,27-Jan-22,"$7,595 ",181
Van Tuxwell,UK,99% Dark & Pure,31-Jan-22,"$4,725 ",137
Camilla Castle,USA,White Choc,18-Aug-22,"$9,681 ",24
Andria Kimpton,USA,Raspberry Choco,30-Jun-22,"$14,504 ",21
Dotty Strutley,Australia,Fruit & Nut Bars,23-Aug-22,$280 ,311
Brien Boise,New Zealand,Mint Chip Choco,1-Aug-22,$63 ,181
Roddy Speechley,New Zealand,After Nines,25-May-22,"$8,001 ",10
Roddy Speechley,Canada,Organic Choco Syrup,10-Jan-22,"$4,032 ",82
Dennison Crosswaite,Australia,70% Dark Bites,7-Feb-22,"$5,859 ",108
Karlen McCaffrey,USA,Orange Choco,12-May-22,"$11,095 ",401
Madelene Upcott,Australia,Spicy Special Slims,7-Mar-22,"$7,182 ",408
Dennison Crosswaite,Australia,85% Dark Bars,5-Apr-22,"$6,881 ",420
Andria Kimpton,Canada,Caramel Stuffed Bars,3-Jan-22,"$7,154 ",348
Dennison Crosswaite,UK,Eclairs,24-Mar-22,"$6,188 ",270
Madelene Upcott,India,Raspberry Choco,7-Jul-22,"$4,221 ",9
Van Tuxwell,USA,After Nines,26-Jul-22,$630 ,264
Wilone O'Kielt,Australia,Organic Choco Syrup,7-Jul-22,"$1,743 ",111
Karlen McCaffrey,Canada,50% Dark Bites,15-Jul-22,"$2,919 ",65
Roddy Speechley,New Zealand,Orange Choco,1-Apr-22,$49 ,97
Beverie Moffet,Australia,Eclairs,20-Jun-22,"$1,827 ",6
Kelci Walkden,UK,Fruit & Nut Bars,29-Jun-22,"$13,006 ",482
Marney O'Breen,USA,50% Dark Bites,15-Jun-22,"$1,064 ",106
Husein Augar,USA,After Nines,8-Apr-22,"$11,571 ",180
Dennison Crosswaite,Australia,Raspberry Choco,14-Mar-22,"$5,740 ",31
Andria Kimpton,USA,Fruit & Nut Bars,15-Jul-22,"$1,456 ",359
Kelci Walkden,India,Eclairs,19-Apr-22,"$5,334 ",80
Marney O'Breen,USA,99% Dark & Pure,28-Mar-22,"$4,151 ",296
Brien Boise,Canada,Spicy Special Slims,4-Mar-22,"$8,106 ",101
Karlen McCaffrey,New Zealand,70% Dark Bites,2-Aug-22,$126 ,40
Husein Augar,UK,Spicy Special Slims,25-Aug-22,"$4,697 ",42
Marney O'Breen,USA,Almond Choco,25-Feb-22,"$7,798 ",167
Kelci Walkden,India,Orange Choco,7-Jun-22,"$9,408 ",138
Jan Morforth,India,Spicy Special Slims,12-Apr-22,"$1,939 ",520
Ches Bonnell,India,Spicy Special Slims,6-Jul-22,"$10,906 ",94
Kelci Walkden,UK,Smooth Sliky Salty,19-Jan-22,"$5,929 ",175
Madelene Upcott,Australia,Fruit & Nut Bars,5-Jan-22,"$5,579 ",92
Madelene Upcott,Canada,70% Dark Bites,24-Jan-22,"$10,927 ",141
Wilone O'Kielt,Australia,Drinking Coco,6-Apr-22,$623 ,283
Gunar Cockshoot,Australia,Fruit & Nut Bars,15-Jun-22,"$6,013 ",21
Gigi Bohling,Canada,Baker's Choco Chips,28-Jan-22,"$1,505 ",47
Kelci Walkden,India,Caramel Stuffed Bars,16-Mar-22,$476 ,125
Rafaelita Blaksland,Australia,Drinking Coco,21-Feb-22,"$11,550 ",396
Kelci Walkden,USA,Manuka Honey Choco,16-Feb-22,"$17,318 ",87
Jehu Rudeforth,Canada,Spicy Special Slims,13-Jan-22,"$1,848 ",27
Kelci Walkden,Australia,Eclairs,23-Mar-22,"$7,273 ",547
Curtice Advani,Canada,Spicy Special Slims,16-Jun-22,$854 ,118
Oby Sorrel,India,Raspberry Choco,14-Apr-22,"$6,832 ",46
Kelci Walkden,UK,Eclairs,25-Jan-22,"$4,606 ",57
Jan Morforth,India,Almond Choco,11-Mar-22,"$4,466 ",22
Dotty Strutley,UK,Almond Choco,28-Jul-22,"$16,114 ",96
Marney O'Breen,New Zealand,After Nines,9-Mar-22,"$1,561 ",44
Husein Augar,Australia,Orange Choco,28-Jun-22,"$8,897 ",188
Marney O'Breen,Australia,Milk Bars,28-Jul-22,"$2,464 ",387
Kelci Walkden,Canada,99% Dark & Pure,15-Aug-22,"$4,830 ",50
Kaine Padly,Australia,Manuka Honey Choco,12-Jan-22,"$2,765 ",264
Beverie Moffet,New Zealand,White Choc,24-Mar-22,"$7,126 ",7
Van Tuxwell,UK,Milk Bars,25-Jul-22,"$4,263 ",90
Oby Sorrel,Canada,99% Dark & Pure,1-Aug-22,"$3,605 ",403
Van Tuxwell,India,Organic Choco Syrup,16-May-22,"$19,929 ",174
Roddy Speechley,India,Smooth Sliky Salty,10-Aug-22,"$5,103 ",140
Jan Morforth,India,Eclairs,5-Jan-22,"$2,541 ",27
Ches Bonnell,UK,Smooth Sliky Salty,11-Jul-22,"$5,663 ",110
Wilone O'Kielt,USA,After Nines,25-Apr-22,$392 ,30
Gigi Bohling,New Zealand,Fruit & Nut Bars,4-Apr-22,"$10,976 ",121
Barr Faughny,USA,Raspberry Choco,12-Apr-22,"$9,282 ",101
Wilone O'Kielt,New Zealand,85% Dark Bars,2-Aug-22,"$1,827 ",117
Gigi Bohling,New Zealand,Manuka Honey Choco,28-Jun-22,"$8,267 ",272
Ches Bonnell,Australia,Eclairs,5-Jul-22,"$4,116 ",128
Rafaelita Blaksland,New Zealand,Choco Coated Almonds,7-Jun-22,"$2,093 ",45
Brien Boise,New Zealand,Smooth Sliky Salty,18-Jan-22,"$1,015 ",27
Brien Boise,Australia,Baker's Choco Chips,4-Jan-22,"$12,516 ",212
Dennison Crosswaite,Australia,99% Dark & Pure,31-Jan-22,"$2,758 ",18
Kelci Walkden,India,Almond Choco,14-Mar-22,"$3,297 ",149
Camilla Castle,Australia,70% Dark Bites,29-Apr-22,"$6,048 ",477
Oby Sorrel,India,Smooth Sliky Salty,7-Feb-22,"$10,101 ",108
Kaine Padly,UK,Organic Choco Syrup,31-Mar-22,"$2,282 ",178
Marney O'Breen,India,Caramel Stuffed Bars,16-Mar-22,"$4,361 ",81
Karlen McCaffrey,UK,Eclairs,25-Jan-22,"$7,798 ",196
Van Tuxwell,India,Baker's Choco Chips,20-Jun-22,"$3,052 ",447
Gigi Bohling,UK,After Nines,29-Mar-22,"$8,029 ",175
Curtice Advani,Australia,Orange Choco,12-Jul-22,$854 ,136
Jehu Rudeforth,Canada,Smooth Sliky Salty,11-Jul-22,"$5,460 ",138
Karlen McCaffrey,Canada,Smooth Sliky Salty,19-Jan-22,"$3,017 ",184
Andria Kimpton,USA,85% Dark Bars,5-Apr-22,"$8,911 ",82
Jehu Rudeforth,Canada,Milk Bars,21-Feb-22,"$7,203 ",12
Rafaelita Blaksland,New Zealand,Caramel Stuffed Bars,20-May-22,"$13,083 ",14
Mallorie Waber,Australia,Milk Bars,29-Jul-22,"$2,779 ",104
Barr Faughny,USA,Fruit & Nut Bars,28-Jan-22,"$9,058 ",46
Marney O'Breen,UK,Caramel Stuffed Bars,19-Jul-22,"$3,549 ",112
Mallorie Waber,New Zealand,Manuka Honey Choco,13-Apr-22,"$9,436 ",11
Roddy Speechley,India,Peanut Butter Cubes,11-Feb-22,"$10,283 ",21
Roddy Speechley,New Zealand,Milk Bars,2-Mar-22,"$5,446 ",116
Ches Bonnell,Australia,White Choc,2-Mar-22,"$1,043 ",202
Van Tuxwell,USA,99% Dark & Pure,28-Jul-22,"$12,586 ",6
Kelci Walkden,India,After Nines,7-Jan-22,"$1,687 ",520
Brien Boise,UK,White Choc,12-Apr-22,"$5,299 ",167
Van Tuxwell,Canada,Almond Choco,27-Jun-22,"$3,213 ",72
Jehu Rudeforth,Australia,50% Dark Bites,14-Jan-22,"$5,194 ",418
Karlen McCaffrey,UK,Baker's Choco Chips,7-Feb-22,"$4,753 ",389
Jehu Rudeforth,Australia,Orange Choco,23-Mar-22,"$13,706 ",26
Marney O'Breen,India,Peanut Butter Cubes,10-Jan-22,"$6,489 ",146
Oby Sorrel,UK,Choco Coated Almonds,17-Mar-22,"$9,324 ",41
Gigi Bohling,USA,Spicy Special Slims,21-Jan-22,"$10,829 ",54
Barr Faughny,Australia,White Choc,4-Jul-22,"$8,113 ",370
Kaine Padly,Canada,Peanut Butter Cubes,4-Jul-22,"$3,269 ",176
Dotty Strutley,USA,Manuka Honey Choco,10-Aug-22,$273 ,210
Dennison Crosswaite,Australia,50% Dark Bites,1-Apr-22,"$7,287 ",12
Gigi Bohling,India,Raspberry Choco,22-Feb-22,"$2,583 ",159
Camilla Castle,UK,White Choc,3-Jan-22,"$9,982 ",187
Karlen McCaffrey,India,Drinking Coco,31-May-22,"$4,795 ",233
Dotty Strutley,UK,99% Dark & Pure,3-Jan-22,"$9,310 ",282
Husein Augar,New Zealand,Caramel Stuffed Bars,27-Jan-22,$497 ,475
Barr Faughny,UK,50% Dark Bites,28-Jan-22,$581 ,65
Curtice Advani,Australia,Organic Choco Syrup,28-Jun-22,"$3,472 ",311
Husein Augar,UK,Choco Coated Almonds,2-Mar-22,"$4,333 ",43
Wilone O'Kielt,Australia,After Nines,27-May-22,"$3,325 ",26
Dennison Crosswaite,USA,Almond Choco,30-Jun-22,"$11,718 ",84
Barr Faughny,Canada,Peanut Butter Cubes,7-Jun-22,"$2,100 ",78
Kaine Padly,USA,70% Dark Bites,12-May-22,"$4,018 ",100
Barr Faughny,New Zealand,Raspberry Choco,29-Jul-22,"$6,468 ",66
Dennison Crosswaite,UK,White Choc,3-Aug-22,"$7,238 ",265
Barr Faughny,India,Baker's Choco Chips,18-Aug-22,"$6,454 ",141
Van Tuxwell,New Zealand,Smooth Sliky Salty,14-Jun-22,"$3,115 ",42
Beverie Moffet,UK,White Choc,30-Jun-22,"$6,475 ",76
Camilla Castle,New Zealand,Mint Chip Choco,13-Jun-22,"$1,162 ",190
Ches Bonnell,UK,Orange Choco,27-Apr-22,"$14,238 ",54
Jan Morforth,Australia,White Choc,27-Jul-22,"$3,472 ",32
Mallorie Waber,Canada,85% Dark Bars,20-Apr-22,"$1,428 ",424
Rafaelita Blaksland,India,Spicy Special Slims,4-Jan-22,"$8,064 ",134
Ches Bonnell,Australia,Mint Chip Choco,21-Feb-22,"$9,660 ",92
Karlen McCaffrey,Australia,White Choc,5-Jan-22,"$7,357 ",48
Beverie Moffet,India,Drinking Coco,15-Jul-22,"$6,055 ",46
Brien Boise,Australia,Choco Coated Almonds,25-May-22,"$5,124 ",62
Karlen McCaffrey,Canada,Eclairs,20-Apr-22,"$3,479 ",358
Gigi Bohling,USA,99% Dark & Pure,2-Jun-22,$784 ,249
Marney O'Breen,UK,Smooth Sliky Salty,13-May-22,"$18,991 ",88
Beverie Moffet,New Zealand,Baker's Choco Chips,3-Aug-22,"$1,372 ",144
Beverie Moffet,Australia,Milk Bars,25-May-22,$735 ,390
Van Tuxwell,UK,Raspberry Choco,16-Mar-22,"$6,538 ",79
Jan Morforth,Australia,Orange Choco,4-Jul-22,"$3,199 ",122
Jehu Rudeforth,India,50% Dark Bites,5-Jul-22,"$3,472 ",135
Madelene Upcott,USA,After Nines,15-Mar-22,"$4,571 ",430
Barr Faughny,UK,Raspberry Choco,22-Aug-22,"$5,481 ",69
Ches Bonnell,Australia,70% Dark Bites,12-Jan-22,"$3,136 ",125
Marney O'Breen,UK,Baker's Choco Chips,10-Jun-22,$252 ,154
Kaine Padly,Australia,Peanut Butter Cubes,25-Mar-22,"$5,460 ",286
Rafaelita Blaksland,India,Almond Choco,27-Jul-22,"$3,395 ",99
Husein Augar,UK,Caramel Stuffed Bars,15-Apr-22,"$14,938 ",433
Roddy Speechley,India,Orange Choco,27-Jun-22,"$4,053 ",19
Jehu Rudeforth,UK,70% Dark Bites,14-Apr-22,"$5,565 ",258
Husein Augar,Australia,Manuka Honey Choco,15-Mar-22,"$7,161 ",92
Madelene Upcott,USA,Eclairs,18-Mar-22,"$8,883 ",200
Brien Boise,India,Eclairs,29-Apr-22,"$1,351 ",61
Mallorie Waber,New Zealand,White Choc,25-Feb-22,"$3,171 ",246
Husein Augar,USA,Milk Bars,2-Mar-22,$854 ,56
Van Tuxwell,Australia,Milk Bars,20-Jun-22,"$7,910 ",87
Beverie Moffet,Canada,White Choc,15-Jul-22,"$9,275 ",173
Dotty Strutley,Australia,50% Dark Bites,12-May-22,"$3,108 ",252
Mallorie Waber,New Zealand,Organic Choco Syrup,1-Jul-22,"$5,075 ",256
Husein Augar,USA,85% Dark Bars,8-Aug-22,$378 ,54
Madelene Upcott,Australia,50% Dark Bites,25-Jul-22,"$7,350 ",6
Wilone O'Kielt,UK,Drinking Coco,18-May-22,"$3,388 ",55
Camilla Castle,India,Peanut Butter Cubes,15-Jul-22,"$11,837 ",277
Curtice Advani,India,70% Dark Bites,5-Jul-22,"$2,282 ",44
Mallorie Waber,USA,Manuka Honey Choco,4-Jul-22,"$5,425 ",96
Dotty Strutley,UK,70% Dark Bites,20-Jun-22,"$1,267 ",216
Gunar Cockshoot,Australia,Almond Choco,25-Jan-22,"$3,752 ",424
Kaine Padly,New Zealand,Spicy Special Slims,1-Jul-22,"$7,728 ",37
Gigi Bohling,USA,50% Dark Bites,13-Apr-22,"$2,296 ",59
Beverie Moffet,UK,Smooth Sliky Salty,4-May-22,"$4,403 ",76
Beverie Moffet,Australia,Baker's Choco Chips,4-Aug-22,"$3,192 ",109
Beverie Moffet,India,70% Dark Bites,1-Jun-22,$448 ,146
Jehu Rudeforth,UK,Choco Coated Almonds,22-Apr-22,"$4,270 ",185
Kaine Padly,USA,50% Dark Bites,3-Aug-22,$70 ,27
Ches Bonnell,USA,Orange Choco,10-Jun-22,"$1,743 ",69
Gunar Cockshoot,UK,Manuka Honey Choco,27-Jun-22,"$6,762 ",46
Marney O'Breen,Australia,Smooth Sliky Salty,3-Jan-22,"$3,745 ",170
Marney O'Breen,India,After Nines,11-Jul-22,"$2,639 ",179
Ches Bonnell,New Zealand,Milk Bars,17-Aug-22,"$4,389 ",126
Rafaelita Blaksland,USA,Fruit & Nut Bars,18-Jan-22,"$2,604 ",65
Ches Bonnell,India,Organic Choco Syrup,8-Mar-22,"$16,569 ",99
Mallorie Waber,Australia,Orange Choco,7-Mar-22,"$14,658 ",275
Husein Augar,India,70% Dark Bites,9-May-22,"$6,454 ",157
Barr Faughny,New Zealand,85% Dark Bars,23-May-22,"$2,100 ",157
Madelene Upcott,UK,Caramel Stuffed Bars,15-Apr-22,$161 ,145
Gigi Bohling,Australia,Drinking Coco,27-Jul-22,"$2,807 ",139
Marney O'Breen,Canada,Choco Coated Almonds,22-Aug-22,"$2,639 ",406
Ches Bonnell,USA,70% Dark Bites,11-May-22,"$4,571 ",122
Madelene Upcott,India,Organic Choco Syrup,26-Jan-22,"$4,781 ",38
Barr Faughny,USA,50% Dark Bites,14-Apr-22,"$13,034 ",117
Dennison Crosswaite,New Zealand,Mint Chip Choco,5-Apr-22,"$6,454 ",417
Marney O'Breen,New Zealand,Smooth Sliky Salty,14-Jun-22,"$8,484 ",57
Brien Boise,Canada,Almond Choco,13-Apr-22,"$4,781 ",125
Beverie Moffet,Australia,White Choc,27-Jun-22,"$2,240 ",166
Dotty Strutley,Australia,Eclairs,26-Jan-22,"$6,979 ",3
Barr Faughny,UK,White Choc,5-Jul-22,"$1,652 ",72
Beverie Moffet,Canada,Baker's Choco Chips,11-Jan-22,"$13,447 ",95
Kelci Walkden,USA,White Choc,7-Mar-22,"$9,422 ",22
Kaine Padly,Canada,50% Dark Bites,4-Mar-22,"$8,687 ",100
Karlen McCaffrey,Canada,Organic Choco Syrup,15-Jul-22,"$2,415 ",312
Kaine Padly,UK,Peanut Butter Cubes,11-May-22,"$6,272 ",86
Karlen McCaffrey,USA,Milk Bars,27-Jan-22,"$4,389 ",7
Karlen McCaffrey,India,Orange Choco,27-Jun-22,"$3,122 ",149
Ches Bonnell,India,Smooth Sliky Salty,3-Aug-22,"$8,043 ",18
Wilone O'Kielt,New Zealand,Mint Chip Choco,19-Aug-22,"$11,662 ",242
Wilone O'Kielt,Australia,Fruit & Nut Bars,15-Jun-22,$392 ,102
Dennison Crosswaite,UK,Peanut Butter Cubes,7-Feb-22,"$8,925 ",158
Karlen McCaffrey,Australia,Almond Choco,8-Jul-22,"$7,294 ",128
Dennison Crosswaite,India,Milk Bars,21-Apr-22,"$1,526 ",96
Ches Bonnell,UK,Mint Chip Choco,8-Apr-22,"$2,688 ",209
Husein Augar,Australia,50% Dark Bites,19-Aug-22,"$14,889 ",52
Jan Morforth,India,Fruit & Nut Bars,4-May-22,"$2,912 ",55
Mallorie Waber,USA,85% Dark Bars,11-May-22,"$2,632 ",108
Mallorie Waber,USA,Eclairs,22-Mar-22,"$6,328 ",51
Dennison Crosswaite,Canada,Spicy Special Slims,10-Aug-22,"$2,527 ",216
Dennison Crosswaite,USA,Fruit & Nut Bars,4-May-22,"$1,414 ",318
Kelci Walkden,USA,99% Dark & Pure,18-Aug-22,"$7,714 ",238
Dotty Strutley,Canada,Raspberry Choco,3-Aug-22,"$4,347 ",238
Marney O'Breen,New Zealand,Milk Bars,14-Jan-22,"$7,490 ",315
Madelene Upcott,Australia,Choco Coated Almonds,8-Apr-22,"$2,058 ",72
Kelci Walkden,UK,Orange Choco,1-Aug-22,"$3,640 ",3
Dennison Crosswaite,Canada,Eclairs,15-Mar-22,$455 ,45
Karlen McCaffrey,India,Mint Chip Choco,15-Jul-22,"$10,990 ",184
Barr Faughny,New Zealand,Almond Choco,13-Jan-22,"$5,558 ",127
Mallorie Waber,Australia,85% Dark Bars,26-Aug-22,"$2,541 ",53
Ches Bonnell,Canada,Eclairs,10-Jan-22,"$1,876 ",172
Gigi Bohling,Australia,White Choc,11-May-22,"$5,523 ",87
Beverie Moffet,New Zealand,85% Dark Bars,30-Aug-22,"$11,200 ",22
Kaine Padly,USA,Caramel Stuffed Bars,21-Jul-22,"$5,593 ",122
Mallorie Waber,Australia,Almond Choco,1-Aug-22,"$7,882 ",125
Brien Boise,Canada,85% Dark Bars,17-Feb-22,"$10,241 ",259
Brien Boise,Australia,Drinking Coco,27-Jul-22,"$6,832 ",156
Dotty Strutley,USA,Orange Choco,23-Feb-22,"$1,379 ",107
Rafaelita Blaksland,Australia,50% Dark Bites,22-Mar-22,"$3,010 ",40
Dennison Crosswaite,India,99% Dark & Pure,23-Jun-22,"$6,888 ",311
Curtice Advani,UK,White Choc,1-Feb-22,"$1,540 ",73
Kelci Walkden,Australia,After Nines,2-Mar-22,"$6,916 ",288
Gigi Bohling,UK,Fruit & Nut Bars,6-Apr-22,"$1,232 ",86
Gunar Cockshoot,Australia,Raspberry Choco,17-Mar-22,$602 ,72
Curtice Advani,UK,Fruit & Nut Bars,24-Jun-22,"$10,927 ",136
Barr Faughny,Canada,50% Dark Bites,19-Jul-22,"$10,185 ",303
Curtice Advani,USA,Spicy Special Slims,11-Jul-22,"$1,603 ",264
Brien Boise,India,Almond Choco,13-Jan-22,"$2,170 ",218
Oby Sorrel,New Zealand,Smooth Sliky Salty,7-Jul-22,"$8,673 ",60
Jan Morforth,India,85% Dark Bars,25-May-22,"$4,760 ",418
Marney O'Breen,India,Fruit & Nut Bars,13-Apr-22,"$4,753 ",151
Andria Kimpton,New Zealand,50% Dark Bites,2-Mar-22,"$3,374 ",202
Gunar Cockshoot,Canada,Raspberry Choco,23-Jun-22,"$2,058 ",126
Kelci Walkden,USA,Drinking Coco,26-Jul-22,"$6,454 ",160
Van Tuxwell,Canada,White Choc,22-Mar-22,$420 ,3
Rafaelita Blaksland,USA,Baker's Choco Chips,9-Jun-22,"$2,863 ",58
Van Tuxwell,Australia,Caramel Stuffed Bars,17-May-22,"$5,936 ",59
Ches Bonnell,New Zealand,Peanut Butter Cubes,4-Mar-22,$889 ,273
Kelci Walkden,Canada,Milk Bars,7-Jul-22,"$16,016 ",28
Dennison Crosswaite,Canada,Choco Coated Almonds,13-Jan-22,"$10,479 ",118
Curtice Advani,Australia,Almond Choco,13-Jul-22,"$2,912 ",75
Madelene Upcott,Australia,85% Dark Bars,16-Jun-22,"$1,575 ",329
Gigi Bohling,UK,50% Dark Bites,18-Jul-22,"$8,197 ",69
Ches Bonnell,UK,Manuka Honey Choco,30-May-22,"$4,221 ",395
Gigi Bohling,UK,70% Dark Bites,21-Jun-22,$840 ,81
Jehu Rudeforth,Australia,Peanut Butter Cubes,24-Jun-22,"$5,691 ",38
Marney O'Breen,India,Eclairs,13-Jan-22,"$3,472 ",96
Curtice Advani,Canada,Fruit & Nut Bars,4-Apr-22,"$4,193 ",195
Kaine Padly,UK,Smooth Sliky Salty,8-Jun-22,"$9,016 ",554
Karlen McCaffrey,Canada,Spicy Special Slims,2-Aug-22,"$6,328 ",47
Kelci Walkden,USA,Organic Choco Syrup,21-Jul-22,"$9,870 ",152
Curtice Advani,India,Spicy Special Slims,20-Jun-22,$161 ,134
Roddy Speechley,India,After Nines,22-Jun-22,"$2,576 ",112
Camilla Castle,Australia,Caramel Stuffed Bars,2-May-22,"$3,178 ",16
Curtice Advani,Australia,99% Dark & Pure,7-Jan-22,"$4,676 ",84
Mallorie Waber,UK,50% Dark Bites,21-Feb-22,"$5,502 ",99
Ches Bonnell,Canada,Baker's Choco Chips,21-Mar-22,"$7,462 ",371
Van Tuxwell,UK,Drinking Coco,4-Apr-22,"$5,803 ",136
Gunar Cockshoot,Canada,Fruit & Nut Bars,24-Mar-22,"$13,888 ",203
Gunar Cockshoot,New Zealand,Spicy Special Slims,28-Jun-22,"$6,867 ",183
Gunar Cockshoot,Australia,Drinking Coco,14-Jan-22,"$2,317 ",195
Karlen McCaffrey,New Zealand,Fruit & Nut Bars,7-Feb-22,"$1,218 ",135
Dennison Crosswaite,New Zealand,Drinking Coco,11-Jan-22,"$4,109 ",197
Jehu Rudeforth,India,99% Dark & Pure,25-Feb-22,"$1,953 ",242
Dotty Strutley,Australia,Mint Chip Choco,1-Aug-22,"$6,790 ",25
Roddy Speechley,Australia,Mint Chip Choco,5-May-22,"$6,797 ",252
Madelene Upcott,New Zealand,Raspberry Choco,18-May-22,"$9,226 ",415
Dotty Strutley,New Zealand,Choco Coated Almonds,4-Jan-22,"$5,733 ",348
Roddy Speechley,New Zealand,50% Dark Bites,9-May-22,"$4,312 ",211
Rafaelita Blaksland,India,Smooth Sliky Salty,6-May-22,"$1,638 ",81
Husein Augar,UK,White Choc,13-Jan-22,"$10,815 ",145
Roddy Speechley,Australia,Almond Choco,24-Jun-22,"$4,466 ",74
Van Tuxwell,USA,Caramel Stuffed Bars,14-Feb-22,$987 ,21
Camilla Castle,Australia,99% Dark & Pure,18-Jan-22,"$4,669 ",101
Kaine Padly,India,Milk Bars,2-May-22,"$2,905 ",91
Ches Bonnell,Australia,Smooth Sliky Salty,16-May-22,"$7,490 ",54
Mallorie Waber,USA,Almond Choco,28-Jan-22,"$6,986 ",368
Kaine Padly,Canada,99% Dark & Pure,24-Jun-22,"$1,288 ",409
Oby Sorrel,UK,After Nines,18-Jul-22,"$2,345 ",104
Gunar Cockshoot,UK,Eclairs,13-Apr-22,"$3,619 ",164
Dotty Strutley,USA,Caramel Stuffed Bars,15-Apr-22,"$16,982 ",76
Jan Morforth,India,Peanut Butter Cubes,4-Jan-22,"$8,092 ",178
Husein Augar,Australia,Eclairs,4-Jul-22,"$6,993 ",31
Beverie Moffet,USA,Smooth Sliky Salty,24-Mar-22,"$2,317 ",352
Camilla Castle,Australia,Manuka Honey Choco,17-Mar-22,$637 ,169
Oby Sorrel,Australia,Almond Choco,15-Feb-22,"$6,034 ",223
Jan Morforth,USA,Orange Choco,29-Jun-22,$980 ,146
Gigi Bohling,USA,Fruit & Nut Bars,24-May-22,"$2,821 ",112
Mallorie Waber,UK,Milk Bars,10-Jan-22,"$3,563 ",284
Curtice Advani,USA,Raspberry Choco,15-Mar-22,"$2,996 ",139
Marney O'Breen,Canada,Milk Bars,8-Feb-22,"$2,436 ",309
Brien Boise,India,Caramel Stuffed Bars,25-Feb-22,"$1,540 ",100
Gunar Cockshoot,USA,Eclairs,3-May-22,"$6,916 ",42
Roddy Speechley,USA,Fruit & Nut Bars,14-Jun-22,"$5,509 ",24
Gunar Cockshoot,India,50% Dark Bites,9-Aug-22,"$12,992 ",83
Wilone O'Kielt,New Zealand,Manuka Honey Choco,11-Jul-22,"$3,724 ",234
Kaine Padly,UK,Manuka Honey Choco,14-Jan-22,"$7,133 ",118
Van Tuxwell,Canada,Manuka Honey Choco,24-Feb-22,"$8,617 ",46
Wilone O'Kielt,New Zealand,Almond Choco,15-Mar-22,"$9,198 ",144
Oby Sorrel,New Zealand,Baker's Choco Chips,25-Apr-22,"$11,823 ",47
Dennison Crosswaite,Australia,Organic Choco Syrup,10-May-22,"$5,775 ",41
Marney O'Breen,Australia,Spicy Special Slims,23-Jun-22,"$13,125 ",275
Beverie Moffet,Canada,Smooth Sliky Salty,28-Feb-22,"$14,287 ",370
Brien Boise,USA,Organic Choco Syrup,25-May-22,"$16,233 ",138
Roddy Speechley,New Zealand,Baker's Choco Chips,22-Feb-22,"$5,313 ",215
Van Tuxwell,UK,85% Dark Bars,11-Jul-22,"$3,577 ",134
Marney O'Breen,Canada,Spicy Special Slims,3-Jan-22,"$3,528 ",336
Rafaelita Blaksland,New Zealand,70% Dark Bites,24-Aug-22,$679 ,280
Beverie Moffet,USA,50% Dark Bites,28-Jul-22,"$2,450 ",352
Brien Boise,USA,Mint Chip Choco,25-May-22,"$10,577 ",150
Karlen McCaffrey,New Zealand,Eclairs,6-May-22,"$2,597 ",177
Barr Faughny,India,Drinking Coco,28-Jan-22,"$2,219 ",142
Marney O'Breen,UK,Orange Choco,6-Jun-22,"$11,319 ",12
Brien Boise,New Zealand,Baker's Choco Chips,12-Jul-22,"$5,978 ",24
Ches Bonnell,Canada,Spicy Special Slims,5-Aug-22,"$5,327 ",183
Brien Boise,USA,Orange Choco,28-Jan-22,"$6,020 ",147
Kaine Padly,India,Spicy Special Slims,31-Aug-22,"$5,614 ",137
Mallorie Waber,USA,50% Dark Bites,19-Apr-22,"$1,736 ",13
Mallorie Waber,UK,Mint Chip Choco,29-Jun-22,"$6,384 ",2
Beverie Moffet,India,Choco Coated Almonds,24-Feb-22,"$3,577 ",261
Madelene Upcott,UK,Smooth Sliky Salty,4-Mar-22,"$14,539 ",84
Gigi Bohling,India,Eclairs,21-Jun-22,"$3,493 ",68
Rafaelita Blaksland,Australia,Organic Choco Syrup,26-Jan-22,$994 ,105
Oby Sorrel,New Zealand,White Choc,10-Jun-22,"$4,361 ",40
Andria Kimpton,UK,Drinking Coco,23-May-22,"$1,554 ",65
Kelci Walkden,India,Milk Bars,15-Apr-22,$966 ,107
Karlen McCaffrey,New Zealand,Caramel Stuffed Bars,31-Jan-22,"$5,334 ",227
Andria Kimpton,New Zealand,Organic Choco Syrup,4-Mar-22,"$4,935 ",39
Barr Faughny,New Zealand,After Nines,19-Apr-22,"$10,024 ",84
Beverie Moffet,UK,Almond Choco,16-May-22,"$2,506 ",100
Oby Sorrel,Australia,Raspberry Choco,17-Feb-22,"$1,043 ",120
Dennison Crosswaite,USA,Raspberry Choco,18-Jan-22,"$6,524 ",257
Roddy Speechley,Canada,Orange Choco,9-Feb-22,"$8,148 ",85
Mallorie Waber,Canada,Orange Choco,23-Mar-22,"$3,577 ",178
Madelene Upcott,New Zealand,Caramel Stuffed Bars,1-Feb-22,"$3,374 ",151
Mallorie Waber,India,Drinking Coco,7-Mar-22,"$3,948 ",142
Ches Bonnell,UK,White Choc,3-Jan-22,"$3,269 ",226
Ches Bonnell,USA,White Choc,11-Feb-22,"$5,271 ",341
Dennison Crosswaite,New Zealand,Orange Choco,16-Mar-22,"$4,571 ",140
Dotty Strutley,India,White Choc,15-Aug-22,"$12,327 ",330
Gigi Bohling,India,Manuka Honey Choco,12-May-22,"$4,935 ",73
Van Tuxwell,India,Spicy Special Slims,11-Apr-22,"$6,167 ",4
Jan Morforth,New Zealand,Mint Chip Choco,30-Jun-22,"$18,340 ",285
Dotty Strutley,New Zealand,White Choc,15-Jun-22,"$7,014 ",60
Rafaelita Blaksland,Canada,Caramel Stuffed Bars,1-Aug-22,"$7,119 ",101
Kaine Padly,USA,Milk Bars,15-Jun-22,"$15,491 ",58
Brien Boise,India,After Nines,16-Jun-22,"$5,747 ",45
Oby Sorrel,New Zealand,Raspberry Choco,13-May-22,"$4,550 ",281
Dennison Crosswaite,USA,Drinking Coco,10-May-22,"$2,191 ",138
Oby Sorrel,India,Eclairs,25-Aug-22,"$5,663 ",322
Ches Bonnell,New Zealand,Organic Choco Syrup,15-Jul-22,"$7,623 ",85
Gigi Bohling,UK,Baker's Choco Chips,16-May-22,"$9,023 ",409
Jan Morforth,Australia,50% Dark Bites,14-Jun-22,"$3,402 ",182
Beverie Moffet,Australia,Smooth Sliky Salty,25-Jan-22,"$10,507 ",467
Ches Bonnell,USA,Organic Choco Syrup,28-Jul-22,"$7,721 ",14
Brien Boise,Canada,Mint Chip Choco,28-Jan-22,"$5,033 ",178
Kaine Padly,UK,Orange Choco,29-Jun-22,"$1,960 ",191
Karlen McCaffrey,Australia,70% Dark Bites,24-Jun-22,$238 ,317
Gunar Cockshoot,Canada,Mint Chip Choco,1-Jul-22,"$7,756 ",410
Roddy Speechley,USA,Peanut Butter Cubes,25-Feb-22,"$1,736 ",137
Curtice Advani,Canada,Smooth Sliky Salty,1-Aug-22,"$2,660 ",12
Oby Sorrel,Australia,Milk Bars,21-Jun-22,"$7,672 ",254
Camilla Castle,New Zealand,Spicy Special Slims,25-Jan-22,"$11,564 ",24
Gigi Bohling,UK,Milk Bars,17-May-22,"$1,365 ",232
Andria Kimpton,Australia,85% Dark Bars,23-Aug-22,"$4,186 ",233
Camilla Castle,Australia,Smooth Sliky Salty,3-Mar-22,"$7,406 ",118
Roddy Speechley,India,Caramel Stuffed Bars,30-May-22,"$8,911 ",543
Karlen McCaffrey,USA,Drinking Coco,29-Jun-22,$112 ,223
Andria Kimpton,Canada,Organic Choco Syrup,4-Jan-22,"$8,204 ",204
Jehu Rudeforth,Australia,Drinking Coco,14-Jan-22,"$2,611 ",65
Karlen McCaffrey,USA,Mint Chip Choco,15-Feb-22,"$15,652 ",53
Curtice Advani,New Zealand,Spicy Special Slims,10-Jan-22,"$4,074 ",469
Madelene Upcott,USA,White Choc,4-May-22,"$12,250 ",213
Andria Kimpton,USA,Spicy Special Slims,23-May-22,"$2,366 ",5
Barr Faughny,New Zealand,Fruit & Nut Bars,26-Apr-22,"$1,687 ",147
Oby Sorrel,Canada,Organic Choco Syrup,5-Jul-22,"$1,232 ",74
Madelene Upcott,UK,Organic Choco Syrup,21-Jul-22,"$6,965 ",163
Dotty Strutley,USA,Mint Chip Choco,21-Feb-22,"$5,292 ",248
Kelci Walkden,USA,Orange Choco,3-Feb-22,"$1,379 ",138
Gigi Bohling,Australia,Caramel Stuffed Bars,8-Jul-22,"$8,001 ",151
Mallorie Waber,India,50% Dark Bites,31-May-22,$588 ,139
Van Tuxwell,New Zealand,Mint Chip Choco,27-Jun-22,"$4,046 ",103
Van Tuxwell,India,50% Dark Bites,13-May-22,"$5,103 ",129
Van Tuxwell,USA,Manuka Honey Choco,31-May-22,"$2,317 ",102
Wilone O'Kielt,USA,Orange Choco,28-Feb-22,"$7,042 ",37
Barr Faughny,New Zealand,Eclairs,28-Mar-22,"$6,713 ",31
Gigi Bohling,USA,After Nines,14-Jan-22,"$1,848 ",227
Barr Faughny,New Zealand,Mint Chip Choco,21-Feb-22,"$6,440 ",145
Dennison Crosswaite,Canada,85% Dark Bars,1-Aug-22,"$10,885 ",90
Beverie Moffet,New Zealand,Smooth Sliky Salty,19-May-22,"$2,387 ",59
Husein Augar,USA,White Choc,13-Jul-22,"$2,030 ",60
Andria Kimpton,Australia,Peanut Butter Cubes,20-Apr-22,"$6,678 ",148
Dennison Crosswaite,India,85% Dark Bars,30-Jun-22,"$4,515 ",22
Curtice Advani,UK,50% Dark Bites,8-Mar-22,"$3,374 ",142
Gunar Cockshoot,USA,Fruit & Nut Bars,9-Mar-22,"$5,852 ",93
Oby Sorrel,Canada,Raspberry Choco,16-Jun-22,"$1,750 ",208
Gigi Bohling,UK,Drinking Coco,30-Jun-22,"$5,782 ",42
Kelci Walkden,India,Mint Chip Choco,28-Jul-22,"$2,870 ",120
Karlen McCaffrey,Canada,Peanut Butter Cubes,12-Aug-22,"$3,094 ",159
Barr Faughny,UK,Mint Chip Choco,7-Jul-22,"$3,724 ",316
Barr Faughny,USA,85% Dark Bars,25-Aug-22,"$12,761 ",47
Husein Augar,Canada,Eclairs,17-Jan-22,"$3,696 ",233
Jan Morforth,Australia,70% Dark Bites,4-Mar-22,"$5,222 ",384
Marney O'Breen,New Zealand,Fruit & Nut Bars,25-Aug-22,"$8,939 ",4
Ches Bonnell,UK,Peanut Butter Cubes,15-Apr-22,"$2,156 ",260
Kaine Padly,USA,Organic Choco Syrup,11-Mar-22,"$2,380 ",22
Camilla Castle,USA,Raspberry Choco,20-May-22,"$3,339 ",18
Brien Boise,New Zealand,Manuka Honey Choco,14-Jun-22,"$14,980 ",42
Jehu Rudeforth,New Zealand,After Nines,14-Apr-22,"$1,512 ",73
Jehu Rudeforth,USA,Smooth Sliky Salty,7-Jul-22,"$6,657 ",154
Madelene Upcott,India,Mint Chip Choco,24-Aug-22,"$3,836 ",71
Jehu Rudeforth,India,Eclairs,24-Feb-22,"$8,771 ",127
Karlen McCaffrey,Canada,Raspberry Choco,9-May-22,$651 ,224
Kaine Padly,Australia,70% Dark Bites,8-Feb-22,"$6,706 ",223
Roddy Speechley,UK,70% Dark Bites,24-Mar-22,"$1,421 ",284
Rafaelita Blaksland,USA,Drinking Coco,20-Jun-22,"$8,526 ",73
Mallorie Waber,Canada,Manuka Honey Choco,7-Mar-22,"$1,435 ",112
Kaine Padly,Australia,Fruit & Nut Bars,20-Jun-22,"$7,434 ",85
Oby Sorrel,New Zealand,Organic Choco Syrup,17-Feb-22,"$15,316 ",270
Madelene Upcott,UK,99% Dark & Pure,26-Jan-22,"$10,479 ",45
Madelene Upcott,Australia,Mint Chip Choco,2-May-22,"$2,751 ",153
Curtice Advani,Canada,99% Dark & Pure,7-Jul-22,"$12,586 ",7
Rafaelita Blaksland,Australia,Baker's Choco Chips,22-Aug-22,"$2,786 ",51
Karlen McCaffrey,Australia,After Nines,11-Aug-22,"$2,303 ",67
Marney O'Breen,UK,99% Dark & Pure,13-Jan-22,"$8,113 ",194
Gunar Cockshoot,Australia,50% Dark Bites,2-Mar-22,"$12,271 ",116
Marney O'Breen,Australia,Choco Coated Almonds,27-Jul-22,"$11,298 ",41
Kelci Walkden,New Zealand,Drinking Coco,10-Mar-22,"$15,855 ",111
Beverie Moffet,USA,85% Dark Bars,23-Aug-22,"$12,404 ",334
Roddy Speechley,USA,Eclairs,25-Apr-22,"$3,990 ",155
Dennison Crosswaite,UK,Milk Bars,7-Mar-22,"$10,808 ",407
Wilone O'Kielt,UK,Organic Choco Syrup,12-Jul-22,"$4,858 ",52
Madelene Upcott,USA,Orange Choco,16-May-22,"$7,742 ",138
Gunar Cockshoot,India,Smooth Sliky Salty,2-Mar-22,"$3,752 ",70
Marney O'Breen,New Zealand,85% Dark Bars,30-May-22,"$1,218 ",149
Marney O'Breen,UK,Manuka Honey Choco,10-Jun-22,"$10,983 ",179
Brien Boise,USA,99% Dark & Pure,25-Jul-22,"$6,769 ",353
Beverie Moffet,New Zealand,Mint Chip Choco,9-Jun-22,"$4,361 ",97
Dennison Crosswaite,USA,Milk Bars,12-May-22,$777 ,60
Gunar Cockshoot,USA,Drinking Coco,9-May-22,"$3,843 ",5
Brien Boise,Canada,Manuka Honey Choco,9-Aug-22,"$6,930 ",182
Van Tuxwell,India,Choco Coated Almonds,13-Apr-22,"$5,733 ",114
Andria Kimpton,USA,Caramel Stuffed Bars,2-May-22,"$8,393 ",46
Dotty Strutley,USA,99% Dark & Pure,9-Aug-22,"$3,822 ",320
Camilla Castle,Australia,Raspberry Choco,23-Aug-22,"$6,342 ",178
Gunar Cockshoot,India,Spicy Special Slims,13-May-22,"$6,510 ",170
Karlen McCaffrey,USA,Manuka Honey Choco,1-Feb-22,"$10,171 ",67
Camilla Castle,USA,50% Dark Bites,23-Jun-22,"$5,908 ",301
Madelene Upcott,UK,Choco Coated Almonds,24-May-22,"$10,164 ",134
Jan Morforth,Canada,Mint Chip Choco,1-Apr-22,"$1,064 ",211
Camilla Castle,Canada,70% Dark Bites,27-Jul-22,"$9,716 ",151
Ches Bonnell,India,Peanut Butter Cubes,27-Jan-22,"$22,050 ",208
Jan Morforth,India,Choco Coated Almonds,12-Aug-22,"$2,541 ",134
Gigi Bohling,Canada,Almond Choco,1-Feb-22,"$9,989 ",49
Rafaelita Blaksland,India,After Nines,2-Mar-22,"$4,739 ",204
Kelci Walkden,Australia,99% Dark & Pure,30-Jun-22,"$3,185 ",34
Dotty Strutley,Australia,Spicy Special Slims,17-Jan-22,"$8,225 ",91
Brien Boise,USA,Milk Bars,7-Jul-22,"$14,301 ",130
Mallorie Waber,New Zealand,Mint Chip Choco,31-Jan-22,"$1,316 ",107
Beverie Moffet,UK,99% Dark & Pure,10-Aug-22,"$3,486 ",121
Beverie Moffet,USA,Peanut Butter Cubes,18-Aug-22,"$13,930 ",339
Brien Boise,New Zealand,White Choc,15-Jun-22,"$5,509 ",321
Marney O'Breen,USA,Baker's Choco Chips,26-Jan-22,"$8,470 ",9
Kelci Walkden,USA,Spicy Special Slims,29-Apr-22,$77 ,69
Mallorie Waber,Canada,White Choc,3-Mar-22,"$3,381 ",72
Kaine Padly,Australia,Almond Choco,22-Feb-22,"$4,102 ",392
Oby Sorrel,USA,Smooth Sliky Salty,4-Mar-22,"$3,577 ",158
Dennison Crosswaite,India,Smooth Sliky Salty,7-Jul-22,"$2,975 ",9
Camilla Castle,New Zealand,Caramel Stuffed Bars,17-Jun-22,"$4,137 ",347
Jan Morforth,Canada,Caramel Stuffed Bars,2-Aug-22,"$9,541 ",114
Oby Sorrel,USA,Baker's Choco Chips,12-Aug-22,"$8,001 ",120
Madelene Upcott,New Zealand,Peanut Butter Cubes,28-Jan-22,"$5,152 ",333
Kelci Walkden,Australia,Orange Choco,29-Apr-22,"$11,116 ",432
Marney O'Breen,Australia,Manuka Honey Choco,5-Apr-22,"$13,076 ",236
Kaine Padly,Canada,Manuka Honey Choco,18-Jan-22,"$10,213 ",135
Jehu Rudeforth,UK,Baker's Choco Chips,16-May-22,"$2,485 ",97
Kelci Walkden,Australia,White Choc,24-Aug-22,"$8,715 ",168
Curtice Advani,India,85% Dark Bars,18-Jan-22,$273 ,402
Kaine Padly,USA,Eclairs,22-Aug-22,"$7,623 ",10
Gunar Cockshoot,UK,99% Dark & Pure,7-Mar-22,$7 ,84
Beverie Moffet,UK,Choco Coated Almonds,4-Mar-22,"$3,010 ",69
Dotty Strutley,Canada,Manuka Honey Choco,22-Apr-22,"$11,550 ",111
Kaine Padly,Australia,Milk Bars,9-Jun-22,"$4,046 ",89
Jan Morforth,Canada,Fruit & Nut Bars,25-Jul-22,"$8,904 ",199
Jan Morforth,India,Smooth Sliky Salty,3-Aug-22,"$11,298 ",89
Rafaelita Blaksland,Australia,Manuka Honey Choco,3-Aug-22,"$4,396 ",131
Jehu Rudeforth,UK,Milk Bars,3-May-22,"$12,068 ",227
Husein Augar,Canada,After Nines,19-Jan-22,"$9,772 ",301
Roddy Speechley,USA,50% Dark Bites,11-Feb-22,"$10,458 ",316
Van Tuxwell,India,Almond Choco,14-Jun-22,"$6,426 ",390
Kelci Walkden,USA,50% Dark Bites,23-Mar-22,"$6,188 ",223
Madelene Upcott,Canada,85% Dark Bars,17-Feb-22,"$7,504 ",101
Dennison Crosswaite,Canada,Smooth Sliky Salty,17-Mar-22,"$1,750 ",479
Mallorie Waber,Australia,Spicy Special Slims,29-Jun-22,"$5,439 ",287
Ches Bonnell,Canada,Choco Coated Almonds,24-Aug-22,"$15,547 ",269
Gigi Bohling,Canada,Spicy Special Slims,4-Jul-22,"$11,956 ",277
Roddy Speechley,New Zealand,Almond Choco,28-Mar-22,"$2,723 ",67
Curtice Advani,India,Smooth Sliky Salty,19-Apr-22,"$19,327 ",135
Ches Bonnell,New Zealand,Mint Chip Choco,18-Jan-22,"$9,058 ",229
Van Tuxwell,New Zealand,Fruit & Nut Bars,17-Jan-22,"$2,996 ",88
Andria Kimpton,New Zealand,Mint Chip Choco,15-Feb-22,"$8,848 ",211
Andria Kimpton,UK,Milk Bars,11-Feb-22,"$14,336 ",293
Camilla Castle,USA,Manuka Honey Choco,21-Mar-22,"$16,401 ",179
